Metric,Value (%)
UA,88.88888888888889
WA,89.50657894736842
Macro F1,88.51752128067918
Weighted F1,89.06346823013487
