Audio_Length_Min,Inference_Time_Sec
1,10.068875312805176
5,52.39023756980896
10,122.4818594455719
20,206.6739480495453
30,312.9006977081299
60,733.5445840358734
