Training_Size,Train_Accuracy,Val_Accuracy,Gap
230,0.99,0.96,0.030000000000000027
460,0.99,0.96,0.030000000000000027
691,0.99,0.96,0.030000000000000027
921,0.99,0.96,0.030000000000000027
1152,0.99,0.96,0.030000000000000027
