Metric,Value
Accuracy,0.8819444444444444
Balanced Accuracy,0.8825657894736841
F1 Macro,0.8762261574761574
F1 Weighted,0.8843134572301239
